source_page,asset_url,generated_at_utc
https://www.gov.br/mdic/pt-br/assuntos/comercio-exterior/estatisticas/base-de-dados-bruta,https://balanca.economia.gov.br/balanca/bd/calendario/dados_calendario.xlsx,2026-05-14T01:33:44.444273+00:00
https://www.gov.br/mdic/pt-br/assuntos/comercio-exterior/estatisticas/base-de-dados-bruta,https://balanca.economia.gov.br/balanca/bd/comexstat-bd/mun/EXP_1997_MUN.csv,2026-05-14T01:33:44.444273+00:00
https://www.gov.br/mdic/pt-br/assuntos/comercio-exterior/estatisticas/base-de-dados-bruta,https://balanca.economia.gov.br/balanca/bd/comexstat-bd/mun/EXP_1998_MUN.csv,2026-05-14T01:33:44.444273+00:00
https://www.gov.br/mdic/pt-br/assuntos/comercio-exterior/estatisticas/base-de-dados-bruta,https://balanca.economia.gov.br/balanca/bd/comexstat-bd/mun/EXP_1999_MUN.csv,2026-05-14T01:33:44.444273+00:00
https://www.gov.br/mdic/pt-br/assuntos/comercio-exterior/estatisticas/base-de-dados-bruta,https://balanca.economia.gov.br/balanca/bd/comexstat-bd/mun/EXP_2000_MUN.csv,2026-05-14T01:33:44.444273+00:00
https://www.gov.br/mdic/pt-br/assuntos/comercio-exterior/estatisticas/base-de-dados-bruta,https://balanca.economia.gov.br/balanca/bd/comexstat-bd/mun/EXP_2001_MUN.csv,2026-05-14T01:33:44.444273+00:00
https://www.gov.br/mdic/pt-br/assuntos/comercio-exterior/estatisticas/base-de-dados-bruta,https://balanca.economia.gov.br/balanca/bd/comexstat-bd/mun/EXP_2002_MUN.csv,2026-05-14T01:33:44.444273+00:00
https://www.gov.br/mdic/pt-br/assuntos/comercio-exterior/estatisticas/base-de-dados-bruta,https://balanca.economia.gov.br/balanca/bd/comexstat-bd/mun/EXP_2003_MUN.csv,2026-05-14T01:33:44.444273+00:00
https://www.gov.br/mdic/pt-br/assuntos/comercio-exterior/estatisticas/base-de-dados-bruta,https://balanca.economia.gov.br/balanca/bd/comexstat-bd/mun/EXP_2004_MUN.csv,2026-05-14T01:33:44.444273+00:00
https://www.gov.br/mdic/pt-br/assuntos/comercio-exterior/estatisticas/base-de-dados-bruta,https://balanca.economia.gov.br/balanca/bd/comexstat-bd/mun/EXP_2005_MUN.csv,2026-05-14T01:33:44.444273+00:00
https://www.gov.br/mdic/pt-br/assuntos/comercio-exterior/estatisticas/base-de-dados-bruta,https://balanca.economia.gov.br/balanca/bd/comexstat-bd/mun/EXP_2006_MUN.csv,2026-05-14T01:33:44.444273+00:00
https://www.gov.br/mdic/pt-br/assuntos/comercio-exterior/estatisticas/base-de-dados-bruta,https://balanca.economia.gov.br/balanca/bd/comexstat-bd/mun/EXP_2007_MUN.csv,2026-05-14T01:33:44.444273+00:00
https://www.gov.br/mdic/pt-br/assuntos/comercio-exterior/estatisticas/base-de-dados-bruta,https://balanca.economia.gov.br/balanca/bd/comexstat-bd/mun/EXP_2008_MUN.csv,2026-05-14T01:33:44.444273+00:00
https://www.gov.br/mdic/pt-br/assuntos/comercio-exterior/estatisticas/base-de-dados-bruta,https://balanca.economia.gov.br/balanca/bd/comexstat-bd/mun/EXP_2009_MUN.csv,2026-05-14T01:33:44.444273+00:00
https://www.gov.br/mdic/pt-br/assuntos/comercio-exterior/estatisticas/base-de-dados-bruta,https://balanca.economia.gov.br/balanca/bd/comexstat-bd/mun/EXP_2010_MUN.csv,2026-05-14T01:33:44.444273+00:00
https://www.gov.br/mdic/pt-br/assuntos/comercio-exterior/estatisticas/base-de-dados-bruta,https://balanca.economia.gov.br/balanca/bd/comexstat-bd/mun/EXP_2011_MUN.csv,2026-05-14T01:33:44.444273+00:00
https://www.gov.br/mdic/pt-br/assuntos/comercio-exterior/estatisticas/base-de-dados-bruta,https://balanca.economia.gov.br/balanca/bd/comexstat-bd/mun/EXP_2012_MUN.csv,2026-05-14T01:33:44.444273+00:00
https://www.gov.br/mdic/pt-br/assuntos/comercio-exterior/estatisticas/base-de-dados-bruta,https://balanca.economia.gov.br/balanca/bd/comexstat-bd/mun/EXP_2013_MUN.csv,2026-05-14T01:33:44.444273+00:00
https://www.gov.br/mdic/pt-br/assuntos/comercio-exterior/estatisticas/base-de-dados-bruta,https://balanca.economia.gov.br/balanca/bd/comexstat-bd/mun/EXP_2014_MUN.csv,2026-05-14T01:33:44.444273+00:00
https://www.gov.br/mdic/pt-br/assuntos/comercio-exterior/estatisticas/base-de-dados-bruta,https://balanca.economia.gov.br/balanca/bd/comexstat-bd/mun/EXP_2015_MUN.csv,2026-05-14T01:33:44.444273+00:00
https://www.gov.br/mdic/pt-br/assuntos/comercio-exterior/estatisticas/base-de-dados-bruta,https://balanca.economia.gov.br/balanca/bd/comexstat-bd/mun/EXP_2016_MUN.csv,2026-05-14T01:33:44.444273+00:00
https://www.gov.br/mdic/pt-br/assuntos/comercio-exterior/estatisticas/base-de-dados-bruta,https://balanca.economia.gov.br/balanca/bd/comexstat-bd/mun/EXP_2017_MUN.csv,2026-05-14T01:33:44.444273+00:00
https://www.gov.br/mdic/pt-br/assuntos/comercio-exterior/estatisticas/base-de-dados-bruta,https://balanca.economia.gov.br/balanca/bd/comexstat-bd/mun/EXP_2018_MUN.csv,2026-05-14T01:33:44.444273+00:00
https://www.gov.br/mdic/pt-br/assuntos/comercio-exterior/estatisticas/base-de-dados-bruta,https://balanca.economia.gov.br/balanca/bd/comexstat-bd/mun/EXP_2019_MUN.csv,2026-05-14T01:33:44.444273+00:00
https://www.gov.br/mdic/pt-br/assuntos/comercio-exterior/estatisticas/base-de-dados-bruta,https://balanca.economia.gov.br/balanca/bd/comexstat-bd/mun/EXP_2020_MUN.csv,2026-05-14T01:33:44.444273+00:00
https://www.gov.br/mdic/pt-br/assuntos/comercio-exterior/estatisticas/base-de-dados-bruta,https://balanca.economia.gov.br/balanca/bd/comexstat-bd/mun/EXP_2021_MUN.csv,2026-05-14T01:33:44.444273+00:00
https://www.gov.br/mdic/pt-br/assuntos/comercio-exterior/estatisticas/base-de-dados-bruta,https://balanca.economia.gov.br/balanca/bd/comexstat-bd/mun/EXP_2022_MUN.csv,2026-05-14T01:33:44.444273+00:00
https://www.gov.br/mdic/pt-br/assuntos/comercio-exterior/estatisticas/base-de-dados-bruta,https://balanca.economia.gov.br/balanca/bd/comexstat-bd/mun/EXP_2023_MUN.csv,2026-05-14T01:33:44.444273+00:00
https://www.gov.br/mdic/pt-br/assuntos/comercio-exterior/estatisticas/base-de-dados-bruta,https://balanca.economia.gov.br/balanca/bd/comexstat-bd/mun/EXP_2024_MUN.csv,2026-05-14T01:33:44.444273+00:00
https://www.gov.br/mdic/pt-br/assuntos/comercio-exterior/estatisticas/base-de-dados-bruta,https://balanca.economia.gov.br/balanca/bd/comexstat-bd/mun/EXP_2025_MUN.csv,2026-05-14T01:33:44.444273+00:00
https://www.gov.br/mdic/pt-br/assuntos/comercio-exterior/estatisticas/base-de-dados-bruta,https://balanca.economia.gov.br/balanca/bd/comexstat-bd/mun/EXP_2026_MUN.csv,2026-05-14T01:33:44.444273+00:00
https://www.gov.br/mdic/pt-br/assuntos/comercio-exterior/estatisticas/base-de-dados-bruta,https://balanca.economia.gov.br/balanca/bd/comexstat-bd/mun/EXP_COMPLETA_MUN.zip,2026-05-14T01:33:44.444273+00:00
https://www.gov.br/mdic/pt-br/assuntos/comercio-exterior/estatisticas/base-de-dados-bruta,https://balanca.economia.gov.br/balanca/bd/comexstat-bd/mun/EXP_TOTAIS_CONFERENCIA_MUN.csv,2026-05-14T01:33:44.444273+00:00
https://www.gov.br/mdic/pt-br/assuntos/comercio-exterior/estatisticas/base-de-dados-bruta,https://balanca.economia.gov.br/balanca/bd/comexstat-bd/mun/IMP_1997_MUN.csv,2026-05-14T01:33:44.444273+00:00
https://www.gov.br/mdic/pt-br/assuntos/comercio-exterior/estatisticas/base-de-dados-bruta,https://balanca.economia.gov.br/balanca/bd/comexstat-bd/mun/IMP_1998_MUN.csv,2026-05-14T01:33:44.444273+00:00
https://www.gov.br/mdic/pt-br/assuntos/comercio-exterior/estatisticas/base-de-dados-bruta,https://balanca.economia.gov.br/balanca/bd/comexstat-bd/mun/IMP_1999_MUN.csv,2026-05-14T01:33:44.444273+00:00
https://www.gov.br/mdic/pt-br/assuntos/comercio-exterior/estatisticas/base-de-dados-bruta,https://balanca.economia.gov.br/balanca/bd/comexstat-bd/mun/IMP_2000_MUN.csv,2026-05-14T01:33:44.444273+00:00
https://www.gov.br/mdic/pt-br/assuntos/comercio-exterior/estatisticas/base-de-dados-bruta,https://balanca.economia.gov.br/balanca/bd/comexstat-bd/mun/IMP_2001_MUN.csv,2026-05-14T01:33:44.444273+00:00
https://www.gov.br/mdic/pt-br/assuntos/comercio-exterior/estatisticas/base-de-dados-bruta,https://balanca.economia.gov.br/balanca/bd/comexstat-bd/mun/IMP_2002_MUN.csv,2026-05-14T01:33:44.444273+00:00
https://www.gov.br/mdic/pt-br/assuntos/comercio-exterior/estatisticas/base-de-dados-bruta,https://balanca.economia.gov.br/balanca/bd/comexstat-bd/mun/IMP_2003_MUN.csv,2026-05-14T01:33:44.444273+00:00
https://www.gov.br/mdic/pt-br/assuntos/comercio-exterior/estatisticas/base-de-dados-bruta,https://balanca.economia.gov.br/balanca/bd/comexstat-bd/mun/IMP_2004_MUN.csv,2026-05-14T01:33:44.444273+00:00
https://www.gov.br/mdic/pt-br/assuntos/comercio-exterior/estatisticas/base-de-dados-bruta,https://balanca.economia.gov.br/balanca/bd/comexstat-bd/mun/IMP_2005_MUN.csv,2026-05-14T01:33:44.444273+00:00
https://www.gov.br/mdic/pt-br/assuntos/comercio-exterior/estatisticas/base-de-dados-bruta,https://balanca.economia.gov.br/balanca/bd/comexstat-bd/mun/IMP_2006_MUN.csv,2026-05-14T01:33:44.444273+00:00
https://www.gov.br/mdic/pt-br/assuntos/comercio-exterior/estatisticas/base-de-dados-bruta,https://balanca.economia.gov.br/balanca/bd/comexstat-bd/mun/IMP_2007_MUN.csv,2026-05-14T01:33:44.444273+00:00
https://www.gov.br/mdic/pt-br/assuntos/comercio-exterior/estatisticas/base-de-dados-bruta,https://balanca.economia.gov.br/balanca/bd/comexstat-bd/mun/IMP_2008_MUN.csv,2026-05-14T01:33:44.444273+00:00
https://www.gov.br/mdic/pt-br/assuntos/comercio-exterior/estatisticas/base-de-dados-bruta,https://balanca.economia.gov.br/balanca/bd/comexstat-bd/mun/IMP_2009_MUN.csv,2026-05-14T01:33:44.444273+00:00
https://www.gov.br/mdic/pt-br/assuntos/comercio-exterior/estatisticas/base-de-dados-bruta,https://balanca.economia.gov.br/balanca/bd/comexstat-bd/mun/IMP_2010_MUN.csv,2026-05-14T01:33:44.444273+00:00
https://www.gov.br/mdic/pt-br/assuntos/comercio-exterior/estatisticas/base-de-dados-bruta,https://balanca.economia.gov.br/balanca/bd/comexstat-bd/mun/IMP_2011_MUN.csv,2026-05-14T01:33:44.444273+00:00
https://www.gov.br/mdic/pt-br/assuntos/comercio-exterior/estatisticas/base-de-dados-bruta,https://balanca.economia.gov.br/balanca/bd/comexstat-bd/mun/IMP_2012_MUN.csv,2026-05-14T01:33:44.444273+00:00
https://www.gov.br/mdic/pt-br/assuntos/comercio-exterior/estatisticas/base-de-dados-bruta,https://balanca.economia.gov.br/balanca/bd/comexstat-bd/mun/IMP_2013_MUN.csv,2026-05-14T01:33:44.444273+00:00
https://www.gov.br/mdic/pt-br/assuntos/comercio-exterior/estatisticas/base-de-dados-bruta,https://balanca.economia.gov.br/balanca/bd/comexstat-bd/mun/IMP_2014_MUN.csv,2026-05-14T01:33:44.444273+00:00
https://www.gov.br/mdic/pt-br/assuntos/comercio-exterior/estatisticas/base-de-dados-bruta,https://balanca.economia.gov.br/balanca/bd/comexstat-bd/mun/IMP_2015_MUN.csv,2026-05-14T01:33:44.444273+00:00
https://www.gov.br/mdic/pt-br/assuntos/comercio-exterior/estatisticas/base-de-dados-bruta,https://balanca.economia.gov.br/balanca/bd/comexstat-bd/mun/IMP_2016_MUN.csv,2026-05-14T01:33:44.444273+00:00
https://www.gov.br/mdic/pt-br/assuntos/comercio-exterior/estatisticas/base-de-dados-bruta,https://balanca.economia.gov.br/balanca/bd/comexstat-bd/mun/IMP_2017_MUN.csv,2026-05-14T01:33:44.444273+00:00
https://www.gov.br/mdic/pt-br/assuntos/comercio-exterior/estatisticas/base-de-dados-bruta,https://balanca.economia.gov.br/balanca/bd/comexstat-bd/mun/IMP_2018_MUN.csv,2026-05-14T01:33:44.444273+00:00
https://www.gov.br/mdic/pt-br/assuntos/comercio-exterior/estatisticas/base-de-dados-bruta,https://balanca.economia.gov.br/balanca/bd/comexstat-bd/mun/IMP_2019_MUN.csv,2026-05-14T01:33:44.444273+00:00
https://www.gov.br/mdic/pt-br/assuntos/comercio-exterior/estatisticas/base-de-dados-bruta,https://balanca.economia.gov.br/balanca/bd/comexstat-bd/mun/IMP_2020_MUN.csv,2026-05-14T01:33:44.444273+00:00
https://www.gov.br/mdic/pt-br/assuntos/comercio-exterior/estatisticas/base-de-dados-bruta,https://balanca.economia.gov.br/balanca/bd/comexstat-bd/mun/IMP_2021_MUN.csv,2026-05-14T01:33:44.444273+00:00
https://www.gov.br/mdic/pt-br/assuntos/comercio-exterior/estatisticas/base-de-dados-bruta,https://balanca.economia.gov.br/balanca/bd/comexstat-bd/mun/IMP_2022_MUN.csv,2026-05-14T01:33:44.444273+00:00
https://www.gov.br/mdic/pt-br/assuntos/comercio-exterior/estatisticas/base-de-dados-bruta,https://balanca.economia.gov.br/balanca/bd/comexstat-bd/mun/IMP_2023_MUN.csv,2026-05-14T01:33:44.444273+00:00
https://www.gov.br/mdic/pt-br/assuntos/comercio-exterior/estatisticas/base-de-dados-bruta,https://balanca.economia.gov.br/balanca/bd/comexstat-bd/mun/IMP_2024_MUN.csv,2026-05-14T01:33:44.444273+00:00
https://www.gov.br/mdic/pt-br/assuntos/comercio-exterior/estatisticas/base-de-dados-bruta,https://balanca.economia.gov.br/balanca/bd/comexstat-bd/mun/IMP_2025_MUN.csv,2026-05-14T01:33:44.444273+00:00
https://www.gov.br/mdic/pt-br/assuntos/comercio-exterior/estatisticas/base-de-dados-bruta,https://balanca.economia.gov.br/balanca/bd/comexstat-bd/mun/IMP_2026_MUN.csv,2026-05-14T01:33:44.444273+00:00
https://www.gov.br/mdic/pt-br/assuntos/comercio-exterior/estatisticas/base-de-dados-bruta,https://balanca.economia.gov.br/balanca/bd/comexstat-bd/mun/IMP_COMPLETA_MUN.zip,2026-05-14T01:33:44.444273+00:00
https://www.gov.br/mdic/pt-br/assuntos/comercio-exterior/estatisticas/base-de-dados-bruta,https://balanca.economia.gov.br/balanca/bd/comexstat-bd/mun/IMP_TOTAIS_CONFERENCIA_MUN.csv,2026-05-14T01:33:44.444273+00:00
https://www.gov.br/mdic/pt-br/assuntos/comercio-exterior/estatisticas/base-de-dados-bruta,https://balanca.economia.gov.br/balanca/bd/comexstat-bd/nbm/EXP_1989_NBM.csv,2026-05-14T01:33:44.444273+00:00
https://www.gov.br/mdic/pt-br/assuntos/comercio-exterior/estatisticas/base-de-dados-bruta,https://balanca.economia.gov.br/balanca/bd/comexstat-bd/nbm/EXP_1990_NBM.csv,2026-05-14T01:33:44.444273+00:00
https://www.gov.br/mdic/pt-br/assuntos/comercio-exterior/estatisticas/base-de-dados-bruta,https://balanca.economia.gov.br/balanca/bd/comexstat-bd/nbm/EXP_1991_NBM.csv,2026-05-14T01:33:44.444273+00:00
https://www.gov.br/mdic/pt-br/assuntos/comercio-exterior/estatisticas/base-de-dados-bruta,https://balanca.economia.gov.br/balanca/bd/comexstat-bd/nbm/EXP_1992_NBM.csv,2026-05-14T01:33:44.444273+00:00
https://www.gov.br/mdic/pt-br/assuntos/comercio-exterior/estatisticas/base-de-dados-bruta,https://balanca.economia.gov.br/balanca/bd/comexstat-bd/nbm/EXP_1993_NBM.csv,2026-05-14T01:33:44.444273+00:00
https://www.gov.br/mdic/pt-br/assuntos/comercio-exterior/estatisticas/base-de-dados-bruta,https://balanca.economia.gov.br/balanca/bd/comexstat-bd/nbm/EXP_1994_NBM.csv,2026-05-14T01:33:44.444273+00:00
https://www.gov.br/mdic/pt-br/assuntos/comercio-exterior/estatisticas/base-de-dados-bruta,https://balanca.economia.gov.br/balanca/bd/comexstat-bd/nbm/EXP_1995_NBM.csv,2026-05-14T01:33:44.444273+00:00
https://www.gov.br/mdic/pt-br/assuntos/comercio-exterior/estatisticas/base-de-dados-bruta,https://balanca.economia.gov.br/balanca/bd/comexstat-bd/nbm/EXP_1996_NBM.csv,2026-05-14T01:33:44.444273+00:00
https://www.gov.br/mdic/pt-br/assuntos/comercio-exterior/estatisticas/base-de-dados-bruta,https://balanca.economia.gov.br/balanca/bd/comexstat-bd/nbm/IMP_1989_NBM.csv,2026-05-14T01:33:44.444273+00:00
https://www.gov.br/mdic/pt-br/assuntos/comercio-exterior/estatisticas/base-de-dados-bruta,https://balanca.economia.gov.br/balanca/bd/comexstat-bd/nbm/IMP_1990_NBM.csv,2026-05-14T01:33:44.444273+00:00
https://www.gov.br/mdic/pt-br/assuntos/comercio-exterior/estatisticas/base-de-dados-bruta,https://balanca.economia.gov.br/balanca/bd/comexstat-bd/nbm/IMP_1991_NBM.csv,2026-05-14T01:33:44.444273+00:00
https://www.gov.br/mdic/pt-br/assuntos/comercio-exterior/estatisticas/base-de-dados-bruta,https://balanca.economia.gov.br/balanca/bd/comexstat-bd/nbm/IMP_1992_NBM.csv,2026-05-14T01:33:44.444273+00:00
https://www.gov.br/mdic/pt-br/assuntos/comercio-exterior/estatisticas/base-de-dados-bruta,https://balanca.economia.gov.br/balanca/bd/comexstat-bd/nbm/IMP_1993_NBM.csv,2026-05-14T01:33:44.444273+00:00
https://www.gov.br/mdic/pt-br/assuntos/comercio-exterior/estatisticas/base-de-dados-bruta,https://balanca.economia.gov.br/balanca/bd/comexstat-bd/nbm/IMP_1994_NBM.csv,2026-05-14T01:33:44.444273+00:00
https://www.gov.br/mdic/pt-br/assuntos/comercio-exterior/estatisticas/base-de-dados-bruta,https://balanca.economia.gov.br/balanca/bd/comexstat-bd/nbm/IMP_1995_NBM.csv,2026-05-14T01:33:44.444273+00:00
https://www.gov.br/mdic/pt-br/assuntos/comercio-exterior/estatisticas/base-de-dados-bruta,https://balanca.economia.gov.br/balanca/bd/comexstat-bd/nbm/IMP_1996_NBM.csv,2026-05-14T01:33:44.444273+00:00
https://www.gov.br/mdic/pt-br/assuntos/comercio-exterior/estatisticas/base-de-dados-bruta,https://balanca.economia.gov.br/balanca/bd/comexstat-bd/ncm/EXP_1997.csv,2026-05-14T01:33:44.444273+00:00
https://www.gov.br/mdic/pt-br/assuntos/comercio-exterior/estatisticas/base-de-dados-bruta,https://balanca.economia.gov.br/balanca/bd/comexstat-bd/ncm/EXP_1998.csv,2026-05-14T01:33:44.444273+00:00
https://www.gov.br/mdic/pt-br/assuntos/comercio-exterior/estatisticas/base-de-dados-bruta,https://balanca.economia.gov.br/balanca/bd/comexstat-bd/ncm/EXP_1999.csv,2026-05-14T01:33:44.444273+00:00
https://www.gov.br/mdic/pt-br/assuntos/comercio-exterior/estatisticas/base-de-dados-bruta,https://balanca.economia.gov.br/balanca/bd/comexstat-bd/ncm/EXP_2000.csv,2026-05-14T01:33:44.444273+00:00
https://www.gov.br/mdic/pt-br/assuntos/comercio-exterior/estatisticas/base-de-dados-bruta,https://balanca.economia.gov.br/balanca/bd/comexstat-bd/ncm/EXP_2001.csv,2026-05-14T01:33:44.444273+00:00
https://www.gov.br/mdic/pt-br/assuntos/comercio-exterior/estatisticas/base-de-dados-bruta,https://balanca.economia.gov.br/balanca/bd/comexstat-bd/ncm/EXP_2002.csv,2026-05-14T01:33:44.444273+00:00
https://www.gov.br/mdic/pt-br/assuntos/comercio-exterior/estatisticas/base-de-dados-bruta,https://balanca.economia.gov.br/balanca/bd/comexstat-bd/ncm/EXP_2003.csv,2026-05-14T01:33:44.444273+00:00
https://www.gov.br/mdic/pt-br/assuntos/comercio-exterior/estatisticas/base-de-dados-bruta,https://balanca.economia.gov.br/balanca/bd/comexstat-bd/ncm/EXP_2004.csv,2026-05-14T01:33:44.444273+00:00
https://www.gov.br/mdic/pt-br/assuntos/comercio-exterior/estatisticas/base-de-dados-bruta,https://balanca.economia.gov.br/balanca/bd/comexstat-bd/ncm/EXP_2005.csv,2026-05-14T01:33:44.444273+00:00
https://www.gov.br/mdic/pt-br/assuntos/comercio-exterior/estatisticas/base-de-dados-bruta,https://balanca.economia.gov.br/balanca/bd/comexstat-bd/ncm/EXP_2006.csv,2026-05-14T01:33:44.444273+00:00
https://www.gov.br/mdic/pt-br/assuntos/comercio-exterior/estatisticas/base-de-dados-bruta,https://balanca.economia.gov.br/balanca/bd/comexstat-bd/ncm/EXP_2007.csv,2026-05-14T01:33:44.444273+00:00
https://www.gov.br/mdic/pt-br/assuntos/comercio-exterior/estatisticas/base-de-dados-bruta,https://balanca.economia.gov.br/balanca/bd/comexstat-bd/ncm/EXP_2008.csv,2026-05-14T01:33:44.444273+00:00
https://www.gov.br/mdic/pt-br/assuntos/comercio-exterior/estatisticas/base-de-dados-bruta,https://balanca.economia.gov.br/balanca/bd/comexstat-bd/ncm/EXP_2009.csv,2026-05-14T01:33:44.444273+00:00
https://www.gov.br/mdic/pt-br/assuntos/comercio-exterior/estatisticas/base-de-dados-bruta,https://balanca.economia.gov.br/balanca/bd/comexstat-bd/ncm/EXP_2010.csv,2026-05-14T01:33:44.444273+00:00
https://www.gov.br/mdic/pt-br/assuntos/comercio-exterior/estatisticas/base-de-dados-bruta,https://balanca.economia.gov.br/balanca/bd/comexstat-bd/ncm/EXP_2011.csv,2026-05-14T01:33:44.444273+00:00
https://www.gov.br/mdic/pt-br/assuntos/comercio-exterior/estatisticas/base-de-dados-bruta,https://balanca.economia.gov.br/balanca/bd/comexstat-bd/ncm/EXP_2012.csv,2026-05-14T01:33:44.444273+00:00
https://www.gov.br/mdic/pt-br/assuntos/comercio-exterior/estatisticas/base-de-dados-bruta,https://balanca.economia.gov.br/balanca/bd/comexstat-bd/ncm/EXP_2013.csv,2026-05-14T01:33:44.444273+00:00
https://www.gov.br/mdic/pt-br/assuntos/comercio-exterior/estatisticas/base-de-dados-bruta,https://balanca.economia.gov.br/balanca/bd/comexstat-bd/ncm/EXP_2014.csv,2026-05-14T01:33:44.444273+00:00
https://www.gov.br/mdic/pt-br/assuntos/comercio-exterior/estatisticas/base-de-dados-bruta,https://balanca.economia.gov.br/balanca/bd/comexstat-bd/ncm/EXP_2015.csv,2026-05-14T01:33:44.444273+00:00
https://www.gov.br/mdic/pt-br/assuntos/comercio-exterior/estatisticas/base-de-dados-bruta,https://balanca.economia.gov.br/balanca/bd/comexstat-bd/ncm/EXP_2016.csv,2026-05-14T01:33:44.444273+00:00
https://www.gov.br/mdic/pt-br/assuntos/comercio-exterior/estatisticas/base-de-dados-bruta,https://balanca.economia.gov.br/balanca/bd/comexstat-bd/ncm/EXP_2017.csv,2026-05-14T01:33:44.444273+00:00
https://www.gov.br/mdic/pt-br/assuntos/comercio-exterior/estatisticas/base-de-dados-bruta,https://balanca.economia.gov.br/balanca/bd/comexstat-bd/ncm/EXP_2018.csv,2026-05-14T01:33:44.444273+00:00
https://www.gov.br/mdic/pt-br/assuntos/comercio-exterior/estatisticas/base-de-dados-bruta,https://balanca.economia.gov.br/balanca/bd/comexstat-bd/ncm/EXP_2019.csv,2026-05-14T01:33:44.444273+00:00
https://www.gov.br/mdic/pt-br/assuntos/comercio-exterior/estatisticas/base-de-dados-bruta,https://balanca.economia.gov.br/balanca/bd/comexstat-bd/ncm/EXP_2020.csv,2026-05-14T01:33:44.444273+00:00
https://www.gov.br/mdic/pt-br/assuntos/comercio-exterior/estatisticas/base-de-dados-bruta,https://balanca.economia.gov.br/balanca/bd/comexstat-bd/ncm/EXP_2021.csv,2026-05-14T01:33:44.444273+00:00
https://www.gov.br/mdic/pt-br/assuntos/comercio-exterior/estatisticas/base-de-dados-bruta,https://balanca.economia.gov.br/balanca/bd/comexstat-bd/ncm/EXP_2022.csv,2026-05-14T01:33:44.444273+00:00
https://www.gov.br/mdic/pt-br/assuntos/comercio-exterior/estatisticas/base-de-dados-bruta,https://balanca.economia.gov.br/balanca/bd/comexstat-bd/ncm/EXP_2023.csv,2026-05-14T01:33:44.444273+00:00
https://www.gov.br/mdic/pt-br/assuntos/comercio-exterior/estatisticas/base-de-dados-bruta,https://balanca.economia.gov.br/balanca/bd/comexstat-bd/ncm/EXP_2024.csv,2026-05-14T01:33:44.444273+00:00
https://www.gov.br/mdic/pt-br/assuntos/comercio-exterior/estatisticas/base-de-dados-bruta,https://balanca.economia.gov.br/balanca/bd/comexstat-bd/ncm/EXP_2025.csv,2026-05-14T01:33:44.444273+00:00
https://www.gov.br/mdic/pt-br/assuntos/comercio-exterior/estatisticas/base-de-dados-bruta,https://balanca.economia.gov.br/balanca/bd/comexstat-bd/ncm/EXP_2026.csv,2026-05-14T01:33:44.444273+00:00
https://www.gov.br/mdic/pt-br/assuntos/comercio-exterior/estatisticas/base-de-dados-bruta,https://balanca.economia.gov.br/balanca/bd/comexstat-bd/ncm/EXP_TOTAIS_CONFERENCIA.csv,2026-05-14T01:33:44.444273+00:00
https://www.gov.br/mdic/pt-br/assuntos/comercio-exterior/estatisticas/base-de-dados-bruta,https://balanca.economia.gov.br/balanca/bd/comexstat-bd/ncm/IMP_1997.csv,2026-05-14T01:33:44.444273+00:00
https://www.gov.br/mdic/pt-br/assuntos/comercio-exterior/estatisticas/base-de-dados-bruta,https://balanca.economia.gov.br/balanca/bd/comexstat-bd/ncm/IMP_1998.csv,2026-05-14T01:33:44.444273+00:00
https://www.gov.br/mdic/pt-br/assuntos/comercio-exterior/estatisticas/base-de-dados-bruta,https://balanca.economia.gov.br/balanca/bd/comexstat-bd/ncm/IMP_1999.csv,2026-05-14T01:33:44.444273+00:00
https://www.gov.br/mdic/pt-br/assuntos/comercio-exterior/estatisticas/base-de-dados-bruta,https://balanca.economia.gov.br/balanca/bd/comexstat-bd/ncm/IMP_2000.csv,2026-05-14T01:33:44.444273+00:00
https://www.gov.br/mdic/pt-br/assuntos/comercio-exterior/estatisticas/base-de-dados-bruta,https://balanca.economia.gov.br/balanca/bd/comexstat-bd/ncm/IMP_2001.csv,2026-05-14T01:33:44.444273+00:00
https://www.gov.br/mdic/pt-br/assuntos/comercio-exterior/estatisticas/base-de-dados-bruta,https://balanca.economia.gov.br/balanca/bd/comexstat-bd/ncm/IMP_2002.csv,2026-05-14T01:33:44.444273+00:00
https://www.gov.br/mdic/pt-br/assuntos/comercio-exterior/estatisticas/base-de-dados-bruta,https://balanca.economia.gov.br/balanca/bd/comexstat-bd/ncm/IMP_2003.csv,2026-05-14T01:33:44.444273+00:00
https://www.gov.br/mdic/pt-br/assuntos/comercio-exterior/estatisticas/base-de-dados-bruta,https://balanca.economia.gov.br/balanca/bd/comexstat-bd/ncm/IMP_2004.csv,2026-05-14T01:33:44.444273+00:00
https://www.gov.br/mdic/pt-br/assuntos/comercio-exterior/estatisticas/base-de-dados-bruta,https://balanca.economia.gov.br/balanca/bd/comexstat-bd/ncm/IMP_2005.csv,2026-05-14T01:33:44.444273+00:00
https://www.gov.br/mdic/pt-br/assuntos/comercio-exterior/estatisticas/base-de-dados-bruta,https://balanca.economia.gov.br/balanca/bd/comexstat-bd/ncm/IMP_2006.csv,2026-05-14T01:33:44.444273+00:00
https://www.gov.br/mdic/pt-br/assuntos/comercio-exterior/estatisticas/base-de-dados-bruta,https://balanca.economia.gov.br/balanca/bd/comexstat-bd/ncm/IMP_2007.csv,2026-05-14T01:33:44.444273+00:00
https://www.gov.br/mdic/pt-br/assuntos/comercio-exterior/estatisticas/base-de-dados-bruta,https://balanca.economia.gov.br/balanca/bd/comexstat-bd/ncm/IMP_2008.csv,2026-05-14T01:33:44.444273+00:00
https://www.gov.br/mdic/pt-br/assuntos/comercio-exterior/estatisticas/base-de-dados-bruta,https://balanca.economia.gov.br/balanca/bd/comexstat-bd/ncm/IMP_2009.csv,2026-05-14T01:33:44.444273+00:00
https://www.gov.br/mdic/pt-br/assuntos/comercio-exterior/estatisticas/base-de-dados-bruta,https://balanca.economia.gov.br/balanca/bd/comexstat-bd/ncm/IMP_2010.csv,2026-05-14T01:33:44.444273+00:00
https://www.gov.br/mdic/pt-br/assuntos/comercio-exterior/estatisticas/base-de-dados-bruta,https://balanca.economia.gov.br/balanca/bd/comexstat-bd/ncm/IMP_2011.csv,2026-05-14T01:33:44.444273+00:00
https://www.gov.br/mdic/pt-br/assuntos/comercio-exterior/estatisticas/base-de-dados-bruta,https://balanca.economia.gov.br/balanca/bd/comexstat-bd/ncm/IMP_2012.csv,2026-05-14T01:33:44.444273+00:00
https://www.gov.br/mdic/pt-br/assuntos/comercio-exterior/estatisticas/base-de-dados-bruta,https://balanca.economia.gov.br/balanca/bd/comexstat-bd/ncm/IMP_2013.csv,2026-05-14T01:33:44.444273+00:00
https://www.gov.br/mdic/pt-br/assuntos/comercio-exterior/estatisticas/base-de-dados-bruta,https://balanca.economia.gov.br/balanca/bd/comexstat-bd/ncm/IMP_2014.csv,2026-05-14T01:33:44.444273+00:00
https://www.gov.br/mdic/pt-br/assuntos/comercio-exterior/estatisticas/base-de-dados-bruta,https://balanca.economia.gov.br/balanca/bd/comexstat-bd/ncm/IMP_2015.csv,2026-05-14T01:33:44.444273+00:00
https://www.gov.br/mdic/pt-br/assuntos/comercio-exterior/estatisticas/base-de-dados-bruta,https://balanca.economia.gov.br/balanca/bd/comexstat-bd/ncm/IMP_2016.csv,2026-05-14T01:33:44.444273+00:00
https://www.gov.br/mdic/pt-br/assuntos/comercio-exterior/estatisticas/base-de-dados-bruta,https://balanca.economia.gov.br/balanca/bd/comexstat-bd/ncm/IMP_2017.csv,2026-05-14T01:33:44.444273+00:00
https://www.gov.br/mdic/pt-br/assuntos/comercio-exterior/estatisticas/base-de-dados-bruta,https://balanca.economia.gov.br/balanca/bd/comexstat-bd/ncm/IMP_2018.csv,2026-05-14T01:33:44.444273+00:00
https://www.gov.br/mdic/pt-br/assuntos/comercio-exterior/estatisticas/base-de-dados-bruta,https://balanca.economia.gov.br/balanca/bd/comexstat-bd/ncm/IMP_2019.csv,2026-05-14T01:33:44.444273+00:00
https://www.gov.br/mdic/pt-br/assuntos/comercio-exterior/estatisticas/base-de-dados-bruta,https://balanca.economia.gov.br/balanca/bd/comexstat-bd/ncm/IMP_2020.csv,2026-05-14T01:33:44.444273+00:00
https://www.gov.br/mdic/pt-br/assuntos/comercio-exterior/estatisticas/base-de-dados-bruta,https://balanca.economia.gov.br/balanca/bd/comexstat-bd/ncm/IMP_2021.csv,2026-05-14T01:33:44.444273+00:00
https://www.gov.br/mdic/pt-br/assuntos/comercio-exterior/estatisticas/base-de-dados-bruta,https://balanca.economia.gov.br/balanca/bd/comexstat-bd/ncm/IMP_2022.csv,2026-05-14T01:33:44.444273+00:00
https://www.gov.br/mdic/pt-br/assuntos/comercio-exterior/estatisticas/base-de-dados-bruta,https://balanca.economia.gov.br/balanca/bd/comexstat-bd/ncm/IMP_2023.csv,2026-05-14T01:33:44.444273+00:00
https://www.gov.br/mdic/pt-br/assuntos/comercio-exterior/estatisticas/base-de-dados-bruta,https://balanca.economia.gov.br/balanca/bd/comexstat-bd/ncm/IMP_2024.csv,2026-05-14T01:33:44.444273+00:00
https://www.gov.br/mdic/pt-br/assuntos/comercio-exterior/estatisticas/base-de-dados-bruta,https://balanca.economia.gov.br/balanca/bd/comexstat-bd/ncm/IMP_2025.csv,2026-05-14T01:33:44.444273+00:00
https://www.gov.br/mdic/pt-br/assuntos/comercio-exterior/estatisticas/base-de-dados-bruta,https://balanca.economia.gov.br/balanca/bd/comexstat-bd/ncm/IMP_2026.csv,2026-05-14T01:33:44.444273+00:00
https://www.gov.br/mdic/pt-br/assuntos/comercio-exterior/estatisticas/base-de-dados-bruta,https://balanca.economia.gov.br/balanca/bd/comexstat-bd/ncm/IMP_COMPLETA.zip,2026-05-14T01:33:44.444273+00:00
https://www.gov.br/mdic/pt-br/assuntos/comercio-exterior/estatisticas/base-de-dados-bruta,https://balanca.economia.gov.br/balanca/bd/comexstat-bd/ncm/IMP_TOTAIS_CONFERENCIA.csv,2026-05-14T01:33:44.444273+00:00
https://www.gov.br/mdic/pt-br/assuntos/comercio-exterior/estatisticas/base-de-dados-bruta,https://balanca.economia.gov.br/balanca/bd/repetro/exp_repetro.xlsx,2026-05-14T01:33:44.444273+00:00
https://www.gov.br/mdic/pt-br/assuntos/comercio-exterior/estatisticas/base-de-dados-bruta,https://balanca.economia.gov.br/balanca/bd/repetro/imp_repetro.xlsx,2026-05-14T01:33:44.444273+00:00
https://www.gov.br/mdic/pt-br/assuntos/comercio-exterior/estatisticas/base-de-dados-bruta,https://balanca.economia.gov.br/balanca/bd/tabelas/CLASSIFICACAO-SEMANAL-ANTIGA_x_ISIC_x_CUCI-GRUPO.xlsx,2026-05-14T01:33:44.444273+00:00
https://www.gov.br/mdic/pt-br/assuntos/comercio-exterior/estatisticas/base-de-dados-bruta,https://balanca.economia.gov.br/balanca/bd/tabelas/ISIC_CUCI.csv,2026-05-14T01:33:44.444273+00:00
https://www.gov.br/mdic/pt-br/assuntos/comercio-exterior/estatisticas/base-de-dados-bruta,https://balanca.economia.gov.br/balanca/bd/tabelas/NBM.csv,2026-05-14T01:33:44.444273+00:00
https://www.gov.br/mdic/pt-br/assuntos/comercio-exterior/estatisticas/base-de-dados-bruta,https://balanca.economia.gov.br/balanca/bd/tabelas/NBM_NCM.csv,2026-05-14T01:33:44.444273+00:00
https://www.gov.br/mdic/pt-br/assuntos/comercio-exterior/estatisticas/base-de-dados-bruta,https://balanca.economia.gov.br/balanca/bd/tabelas/NCM.csv,2026-05-14T01:33:44.444273+00:00
https://www.gov.br/mdic/pt-br/assuntos/comercio-exterior/estatisticas/base-de-dados-bruta,https://balanca.economia.gov.br/balanca/bd/tabelas/NCM_CGCE.csv,2026-05-14T01:33:44.444273+00:00
https://www.gov.br/mdic/pt-br/assuntos/comercio-exterior/estatisticas/base-de-dados-bruta,https://balanca.economia.gov.br/balanca/bd/tabelas/NCM_CUCI.csv,2026-05-14T01:33:44.444273+00:00
https://www.gov.br/mdic/pt-br/assuntos/comercio-exterior/estatisticas/base-de-dados-bruta,https://balanca.economia.gov.br/balanca/bd/tabelas/NCM_FAT_AGREG.csv,2026-05-14T01:33:44.444273+00:00
https://www.gov.br/mdic/pt-br/assuntos/comercio-exterior/estatisticas/base-de-dados-bruta,https://balanca.economia.gov.br/balanca/bd/tabelas/NCM_ISIC.csv,2026-05-14T01:33:44.444273+00:00
https://www.gov.br/mdic/pt-br/assuntos/comercio-exterior/estatisticas/base-de-dados-bruta,https://balanca.economia.gov.br/balanca/bd/tabelas/NCM_PPE.csv,2026-05-14T01:33:44.444273+00:00
https://www.gov.br/mdic/pt-br/assuntos/comercio-exterior/estatisticas/base-de-dados-bruta,https://balanca.economia.gov.br/balanca/bd/tabelas/NCM_PPI.csv,2026-05-14T01:33:44.444273+00:00
https://www.gov.br/mdic/pt-br/assuntos/comercio-exterior/estatisticas/base-de-dados-bruta,https://balanca.economia.gov.br/balanca/bd/tabelas/NCM_SH.csv,2026-05-14T01:33:44.444273+00:00
https://www.gov.br/mdic/pt-br/assuntos/comercio-exterior/estatisticas/base-de-dados-bruta,https://balanca.economia.gov.br/balanca/bd/tabelas/NCM_UNIDADE.csv,2026-05-14T01:33:44.444273+00:00
https://www.gov.br/mdic/pt-br/assuntos/comercio-exterior/estatisticas/base-de-dados-bruta,https://balanca.economia.gov.br/balanca/bd/tabelas/PAIS.csv,2026-05-14T01:33:44.444273+00:00
https://www.gov.br/mdic/pt-br/assuntos/comercio-exterior/estatisticas/base-de-dados-bruta,https://balanca.economia.gov.br/balanca/bd/tabelas/PAIS_BLOCO.csv,2026-05-14T01:33:44.444273+00:00
https://www.gov.br/mdic/pt-br/assuntos/comercio-exterior/estatisticas/base-de-dados-bruta,https://balanca.economia.gov.br/balanca/bd/tabelas/TABELAS_AUXILIARES.xlsx,2026-05-14T01:33:44.444273+00:00
https://www.gov.br/mdic/pt-br/assuntos/comercio-exterior/estatisticas/base-de-dados-bruta,https://balanca.economia.gov.br/balanca/bd/tabelas/UF.csv,2026-05-14T01:33:44.444273+00:00
https://www.gov.br/mdic/pt-br/assuntos/comercio-exterior/estatisticas/base-de-dados-bruta,https://balanca.economia.gov.br/balanca/bd/tabelas/UF_MUN.csv,2026-05-14T01:33:44.444273+00:00
https://www.gov.br/mdic/pt-br/assuntos/comercio-exterior/estatisticas/base-de-dados-bruta,https://balanca.economia.gov.br/balanca/bd/tabelas/URF.csv,2026-05-14T01:33:44.444273+00:00
https://www.gov.br/mdic/pt-br/assuntos/comercio-exterior/estatisticas/base-de-dados-bruta,https://balanca.economia.gov.br/balanca/bd/tabelas/VIA.csv,2026-05-14T01:33:44.444273+00:00
